n,eta,sigma_y,width,height,x_01,x_02,x_03,x_04,x_05,x_06,x_07,x_08,cluster_id,cluster_conf
0.6872467568665284,209.3969048551671,390.8192807751018,2.8,2.4,0.12995696,0.16793227,0.2047205,0.24394488,0.28075242,0.31251,0.34263778,0.3715875,4,0.9999966324668612
0.8378678181313228,115.9088554652193,361.710855597174,2.0,2.4,0.114620686,0.14977694,0.18233013,0.20885968,0.23683572,0.26277804,0.2866559,0.30767703,4,0.9999999873628251
0.3902916648482586,270.0086513714805,340.4791473457954,3.3,2.0,0.16723251,0.21655917,0.26582694,0.31020427,0.35118628,0.3888173,0.42363906,0.45668674,4,0.9999807548744913
0.9983528615144645,131.81005259378574,383.0083932140467,2.1,2.6,0.10013747,0.13574767,0.16484904,0.18756413,0.21243882,0.23425794,0.2557237,0.27576423,4,0.9999999987840025
0.8272364792834206,148.2328594332976,390.2848785058252,2.5,3.0,0.14972878,0.19308949,0.24058366,0.28628612,0.32769775,0.3638854,0.39863443,0.43047404,4,0.991202425237832
0.8320822023991175,221.66621013820168,300.1352926256004,2.0,3.1,0.09759307,0.13700652,0.1666174,0.18787909,0.21393323,0.24154711,0.26548934,0.28829694,4,0.9999990867039066
0.6707165741255829,281.1814866849386,290.70654188767713,2.1,2.2,0.079163074,0.11179638,0.13750839,0.15125489,0.17304802,0.19351172,0.21268058,0.23025084,4,0.999999999998086
0.9330475408750858,182.553486796904,388.9232546422106,2.4,3.0,0.13620281,0.15211916,0.18328714,0.21572232,0.25015473,0.27601576,0.3021202,0.32813334,4,0.9749013576452162
0.4144536855226027,293.1882344722752,301.96080685238906,2.8,2.1,0.13854194,0.17260909,0.21050644,0.24247956,0.27287436,0.30185628,0.32900643,0.35462213,4,0.9999999806508939
0.613695935070446,229.12242755365924,305.1901475474036,2.1,3.2,0.118229866,0.15252018,0.18516445,0.20530772,0.23192906,0.25484896,0.27640104,0.29754138,4,0.9641448333241533
0.5451771078445977,186.40358255498785,277.9537352740829,2.0,2.8,0.1394701,0.17969942,0.21983957,0.2551849,0.28792644,0.31753016,0.34552813,0.37162232,4,0.999992622569581
0.6470655304503619,228.8203259101351,345.549224303831,2.5,2.3,0.11499429,0.15214372,0.18857908,0.21829677,0.24906969,0.27853703,0.30565166,0.33165932,4,0.999999946956876
0.4917048582809405,291.1112040991893,278.3706162445717,2.6,3.1,0.15944076,0.19925094,0.24529767,0.29119802,0.32969403,0.36502266,0.39869833,0.43038654,4,0.9997912273868542
0.8585686457949977,207.7938768275992,353.6721640097465,2.3,3.6,0.13167644,0.15000153,0.18079019,0.22181964,0.25098133,0.27702594,0.30290723,0.3285513,4,0.6820161718971963
0.6249894986128148,284.2265765295348,372.6889585944645,3.1,2.6,0.1436069,0.17247295,0.20966554,0.25527287,0.28982186,0.32463336,0.35670352,0.3883462,4,0.9864767320621466
0.8157362141083317,129.0548271108586,339.33588611523965,2.0,2.2,0.10878825,0.14793038,0.1826737,0.21282816,0.24298024,0.27057886,0.29627442,0.32007647,4,0.999999996958191
0.8173826298166471,226.98659566497983,313.7941701080281,2.0,2.4,0.0823009,0.11698866,0.14195299,0.15735745,0.18169737,0.20393276,0.2244494,0.24424815,4,0.9999999996362892
0.4398598656479332,285.46680442972405,225.2498265986337,2.2,3.7,0.1556282,0.19530797,0.24209714,0.28406262,0.31822848,0.3507135,0.38124108,0.41036248,4,0.9871538007267066
0.6064971905386698,184.43130397883127,371.0782018806641,2.8,2.2,0.15094161,0.19925451,0.24988103,0.29410863,0.33592415,0.37417316,0.4091375,0.4419608,4,0.9816701749614763
0.7150501364339914,213.443350963821,344.74200689455506,2.5,2.3,0.1140089,0.15487266,0.19448352,0.22798157,0.26225615,0.29437017,0.32479453,0.35364056,4,0.999839296275793
0.5443759496988088,235.43565170294823,209.13792701758416,2.1,3.5,0.14988852,0.20302415,0.2568977,0.30357456,0.34971762,0.39059114,0.4293623,0.46567273,4,0.8009279397772818
0.5354027884735351,248.01514332921013,284.0987150152291,2.3,3.8,0.14658713,0.18215823,0.22776246,0.26982713,0.30074573,0.33173966,0.3610704,0.38876557,4,0.8708895143461319
0.6184626762650939,214.1662880074265,296.92594887616804,2.1,3.6,0.12881827,0.1642549,0.20052123,0.2311709,0.26234698,0.28736234,0.31316304,0.337862,4,0.9999781048918883
0.9990333055140156,205.2438517797693,357.20444789950625,2.1,2.5,0.0809176,0.11682606,0.14176345,0.15576482,0.17826319,0.1998949,0.2205491,0.23969436,4,0.9999999998313402
0.6098186772016114,213.5942174762687,344.43912502207223,2.5,3.1,0.15453172,0.19515252,0.23934674,0.28255248,0.32011795,0.35362482,0.3857546,0.41538143,4,0.9999257762840971
0.9664111759172808,158.9593444705963,396.97781278473946,2.4,3.3,0.14419222,0.1619451,0.19550419,0.2361207,0.27143312,0.3009715,0.33012915,0.35761595,4,0.740800762479347
0.4177021947678967,271.6546811296772,238.13853677308137,2.2,2.5,0.14330125,0.18036151,0.21999884,0.25308132,0.28456712,0.31372237,0.34172487,0.3679788,4,0.9999996339026018
0.8714779748820749,237.70920907708776,362.18955737937074,2.2,2.1,0.07051182,0.10368395,0.1310873,0.14152956,0.16037154,0.17919183,0.19762897,0.21437216,4,0.9999999997769358
0.6414055396644862,296.1680264944448,395.32944299187886,3.1,2.1,0.09800553,0.13337421,0.1553173,0.18188119,0.21101141,0.23628545,0.2593317,0.28186393,4,0.999998659522221
0.6210848667153044,226.6292726520563,373.2206597082909,2.8,2.4,0.13470149,0.17234302,0.20985603,0.24915338,0.28569984,0.31746984,0.3476231,0.3765478,4,0.9999987624688532
0.7411806683977831,194.10664020597045,372.5979616652981,2.5,3.1,0.15207672,0.17854595,0.21889782,0.26156712,0.29829502,0.33054447,0.36178207,0.3909366,4,0.9981641810820636
0.8771223863187911,154.04821729624837,339.14156073934254,2.1,3.8,0.123066425,0.1593647,0.19798756,0.23590636,0.2688105,0.29722047,0.32522988,0.35158134,4,0.9992659229569837
0.6516001764644185,293.71168312124234,288.7197396317283,2.2,3.0,0.11454725,0.14016604,0.17129755,0.19076991,0.21724367,0.24118733,0.26137185,0.28377008,4,0.9999997996795781
0.6265646034826741,241.08481219984992,313.7969912005315,2.6,2.2,0.120823145,0.1636312,0.20670342,0.24401999,0.28042197,0.31517792,0.34792137,0.37879634,4,0.958929753657357
0.7525368836994781,249.7671938517556,310.2431278055031,2.2,2.5,0.09523344,0.13334894,0.16502309,0.18740988,0.2123282,0.23842669,0.26456285,0.28858972,4,0.9999932135301548
0.915429983477533,104.27566138144203,365.50659141440553,2.1,2.9,0.13168955,0.1743021,0.21736789,0.25265718,0.28616,0.31724763,0.34559774,0.37170792,4,0.9999944633177662
0.6742690953979269,158.2441300645438,345.70034350190195,2.3,2.3,0.12943244,0.16908836,0.21032739,0.2447381,0.27838898,0.3088441,0.3376639,0.36458826,4,0.9999999671174794
0.6670492525899966,193.29591147579703,390.08151173143904,2.9,3.2,0.1835897,0.23126984,0.29652762,0.34897423,0.39457798,0.43846798,0.47894287,0.5163975,4,0.9204463762004765
0.7935411740929221,160.88843866849936,340.9222875850932,2.3,2.9,0.13268948,0.17864227,0.22527742,0.26407814,0.30253863,0.33824682,0.3708954,0.40199447,4,0.9993744956524351
0.4484691667762216,283.0738768228965,335.5199579953424,2.8,2.1,0.12724924,0.15722919,0.1896298,0.21732736,0.2433846,0.2682333,0.2917595,0.31427717,4,0.9999896412440769
0.8082765012698909,283.62934568651133,281.8340189881438,2.0,3.2,0.09123802,0.12800455,0.15392089,0.16734886,0.19375443,0.21952009,0.24026799,0.26101422,4,0.9999997993810302
0.743441896994264,234.10927662325727,275.37332697282994,2.1,3.9,0.11627984,0.14947581,0.18680787,0.22831893,0.26043963,0.2901218,0.31907153,0.34777617,4,0.6751881772947379
0.9156886764612426,215.8169992121301,382.4968838426339,2.4,2.2,0.08426404,0.12098098,0.15211678,0.17221189,0.19524336,0.21852374,0.2411747,0.26303506,4,0.9999999604731497
0.5815956356104923,276.2581820993451,395.8473884123357,3.1,2.6,0.14251876,0.17211628,0.2074492,0.24855137,0.27912617,0.31006408,0.33838058,0.3663187,4,0.9998757335293612
0.6177332961721391,171.61952218668102,300.4725837187221,2.0,3.1,0.1368134,0.17681861,0.21675253,0.24697518,0.2772715,0.30642915,0.33326197,0.35793018,4,0.995227528485219
0.5783871180599063,229.01794771844365,275.45111685130564,2.0,2.8,0.114166975,0.14838886,0.17929149,0.20537305,0.23149872,0.2571597,0.28174233,0.3037398,4,0.9999999839232067
0.5434631564574299,247.13581595954943,371.980689450568,3.3,3.1,0.20825481,0.26114368,0.3306985,0.38850665,0.43730283,0.4852476,0.5303571,0.57231617,4,0.9545257432476307
0.8714895741750974,235.73085722525505,291.9380136808008,2.0,4.0,0.10145855,0.1316185,0.16000128,0.1954546,0.22524881,0.24870682,0.27289057,0.2979102,4,0.933532054779788
0.8014741189670656,198.8438702741881,370.8486927687357,2.6,2.5,0.12359452,0.16283321,0.20042086,0.2397902,0.27867246,0.3123815,0.34371042,0.37435365,4,0.9884618633797412
0.6660977793349296,161.79743663291686,303.49870916406394,2.2,3.3,0.15869999,0.21432686,0.2708497,0.31837702,0.36357236,0.40369058,0.440737,0.47534037,4,0.9686044604507218
0.4844223850387706,284.2631017814545,370.8619524424572,3.5,3.1,0.21607971,0.26506162,0.33037186,0.38653398,0.43161225,0.4772489,0.5202539,0.5611708,4,0.9108086847239995
0.5345768546404793,288.7437009367408,355.16782171338315,3.2,2.2,0.13567781,0.17476869,0.2126987,0.25511456,0.29287457,0.32772708,0.36134195,0.39299035,4,0.9998996534338611
0.5101007014857019,279.577477625114,253.33199758423768,2.1,3.4,0.1231935,0.15639877,0.1891737,0.21226859,0.24271631,0.26546383,0.2888658,0.31164622,4,0.9999576805786216
0.6953566477386254,265.04700107744395,375.4434999308715,2.5,2.5,0.11389375,0.13547778,0.15858364,0.18162084,0.20874953,0.23148775,0.25070333,0.27154946,4,0.9999928482535548
0.4432681476151401,270.8076149704398,381.1903397064786,3.6,2.2,0.17139816,0.2201674,0.27216268,0.3212571,0.3641472,0.40536642,0.44331765,0.47897625,4,0.9997087410969835
0.6708435880179762,247.25785142167567,307.59449715690937,2.3,2.4,0.102869034,0.13974595,0.17365313,0.19846344,0.22498965,0.25195146,0.2784853,0.30257583,4,0.9999998211998142
0.5587427579251187,196.03934019118708,330.97542290493027,2.2,2.3,0.12255788,0.15416098,0.18651104,0.21116996,0.23693895,0.26136947,0.2846861,0.30552626,4,0.9993331589780418
0.513470295196241,243.50105740797304,299.0077238224093,2.6,2.3,0.14383507,0.18760824,0.23460269,0.2758131,0.31441975,0.35051942,0.38404465,0.41534543,4,0.9997605668010937
0.8483373861444146,162.2801660768484,375.71079938951686,2.5,2.9,0.14784288,0.18460321,0.23094177,0.2785821,0.32169604,0.35915828,0.3952222,0.42882323,4,0.98746408689425
0.7081589656144842,255.5427230185902,320.16268879573533,2.2,2.6,0.096321344,0.13252783,0.16232252,0.181957,0.20394135,0.22673869,0.24954963,0.27038407,4,0.9999999985415533
0.9900153062785428,120.26628817028256,379.4461523146179,2.1,2.7,0.1100719,0.14737129,0.1807921,0.20913982,0.23507118,0.2604723,0.28471422,0.30733752,4,0.9999999779078595
0.7254226029666053,207.76402030001208,385.735010034768,2.7,3.0,0.15724492,0.18216228,0.22497082,0.2707653,0.30718374,0.341825,0.37468433,0.4054253,4,0.9854742133853507
0.6139569319010203,272.2870530074122,274.6999480263208,2.2,2.8,0.11083698,0.1495843,0.18494606,0.21101952,0.23809624,0.26732445,0.29343414,0.31854987,4,0.9999994645288837
0.5746487032959595,288.3322273578251,225.7163521650662,2.3,2.9,0.12833953,0.17311502,0.2183218,0.25641227,0.295712,0.33235407,0.36589837,0.39900064,4,0.9420002181543924
0.5199705025623211,252.4571975581121,279.39524446791404,2.3,2.3,0.11928177,0.1546998,0.1906128,0.21863413,0.2479744,0.2759571,0.3023002,0.32725906,4,0.9999999958383223
0.8482036699082058,253.06664627810105,342.0483079412679,2.2,2.1,0.07077503,0.105089664,0.13355422,0.14550829,0.16571832,0.18594241,0.2056911,0.22373152,4,0.9999999988057588
0.444638106726516,287.57837536314685,287.4600688868265,2.7,3.1,0.18136477,0.22528553,0.2783606,0.32571697,0.3649068,0.40295362,0.4379902,0.47104478,4,0.9750652313009418
0.6190373742337855,237.04271412078344,293.7444040868124,2.3,3.2,0.13717389,0.1748848,0.21610832,0.25147223,0.28828573,0.31860948,0.34886837,0.37792134,4,0.9999811438354237
0.6607966526147212,227.54073553828425,381.1551097739669,2.8,2.2,0.11773729,0.15477657,0.18989444,0.22321796,0.25554132,0.28557658,0.31332254,0.34028125,4,0.9999998367878853
0.3865958017947861,248.3358756771885,233.3679185876799,2.1,2.0,0.13012195,0.16415644,0.19687033,0.22562075,0.25489235,0.2818339,0.30576944,0.32873178,4,0.9999244728055665
0.5998800891264817,253.54060280482145,294.044813785825,2.1,2.9,0.10770273,0.14056587,0.16972637,0.18930149,0.20991993,0.23396635,0.25567293,0.2757511,4,0.999991294670112
0.5862896774203514,226.2250705950021,273.97676983487503,2.1,3.9,0.13389659,0.1671145,0.20854259,0.24856639,0.2799871,0.30853295,0.33593678,0.3627007,4,0.9886278924079824
0.6543015336598439,201.0720121941416,320.8638632942847,2.3,3.4,0.14124799,0.1816616,0.2239294,0.26427865,0.30007505,0.33142352,0.36169076,0.3906126,4,0.9999019078900895
0.8466502649103242,222.4032432629,322.6243797160627,2.2,3.2,0.12462616,0.1494348,0.18404055,0.21309853,0.24796438,0.27416587,0.3011911,0.32867527,4,0.9977625798031744
0.9760736404594814,210.3220308636343,356.58032540768465,2.0,2.1,0.064130545,0.09614253,0.119018555,0.13104367,0.15013337,0.16653752,0.18219757,0.19859314,4,0.9999999999721059
0.4689920258815,277.80918675898545,345.57702274719264,3.0,2.6,0.16534925,0.2029202,0.2469132,0.2894225,0.3245883,0.35883498,0.3904233,0.42036223,4,0.9999534094970922
0.585904887693048,232.598494991911,245.33644398811828,2.1,2.7,0.12522912,0.16805124,0.21060061,0.2468822,0.28174043,0.3154266,0.34745646,0.3770914,4,0.999974923125992
0.5505563963300609,293.24898635893715,259.5684377403285,2.5,2.4,0.12583637,0.16840625,0.21062851,0.2488029,0.28711057,0.3224411,0.3550284,0.38663864,4,0.9895914634274927
0.7058806419979242,237.75562621773145,344.00102329659126,2.4,3.0,0.13668728,0.15585685,0.18796182,0.21903396,0.2526369,0.27763867,0.30290937,0.32837987,4,0.9990383552781259
0.6502242190429304,243.2434456964192,392.48618711206393,2.9,2.8,0.15262794,0.17612839,0.21582627,0.2592299,0.2927177,0.32597542,0.35646868,0.3861115,4,0.9947063536905983
0.6805879017193571,202.92662830928683,381.1088265682761,2.8,2.3,0.12897372,0.1698916,0.21062541,0.24977207,0.28762007,0.32167697,0.35309625,0.38335347,4,0.9999930458987761
0.4015241285922749,256.2914230337992,162.8893350737804,2.0,2.1,0.14349008,0.19557285,0.2443924,0.28846192,0.3296461,0.36741996,0.40257168,0.43486714,4,0.8180427918415574
0.5768695875970837,258.4707870461692,323.99625243068505,2.4,2.1,0.10008526,0.1319139,0.16289854,0.18383384,0.207021,0.22868109,0.2508123,0.27149963,4,0.9999999999438145
0.4585979347177399,287.05710559863354,213.5886653140581,2.3,2.5,0.14049315,0.1842761,0.23051429,0.2703054,0.3072238,0.342582,0.37638974,0.40773582,4,0.9999968518502665
0.8035832564874019,216.63858759814363,370.5079983679185,2.3,2.0,0.07776666,0.10976362,0.13720036,0.15022469,0.16995382,0.18954396,0.2083633,0.22565031,4,0.9999999999851088
0.9883793441895938,85.07461715002103,364.8816793013897,2.0,2.2,0.115986586,0.1590445,0.1988523,0.23293424,0.26619625,0.29610276,0.32313275,0.34805202,4,0.999999963752364
0.9940364479838611,95.39499152258216,389.8861051233523,2.2,2.6,0.12915993,0.17356753,0.21889281,0.25556087,0.28929138,0.32140565,0.35118032,0.37810135,4,0.999998108432694
0.5208891822604795,274.65932178804456,368.84707836249953,3.2,2.7,0.17443681,0.21436286,0.2686472,0.3156066,0.35665345,0.39609194,0.43261194,0.46771812,4,0.9996247783295666
0.5517892270052405,224.51413630046835,371.81403466826697,2.9,3.1,0.18719864,0.23070145,0.28986502,0.33722162,0.3780706,0.41769934,0.4542384,0.4883101,4,0.8488135846329792
0.8066199087137171,245.0965169751176,312.8809740383804,2.1,2.4,0.082576275,0.117973566,0.14459181,0.15988517,0.1838541,0.20668697,0.22830796,0.248595,4,0.9999999971669862
0.807212390594334,156.5133820021154,385.792767673144,2.4,3.2,0.14804554,0.18147516,0.22354579,0.26346254,0.29934287,0.33070922,0.36059833,0.38882923,4,0.9998507751716794
0.4523356764522787,269.9350512537348,248.5685068486206,2.5,2.8,0.17250347,0.22662544,0.2831483,0.33242536,0.3784299,0.41968727,0.45804882,0.4946189,4,0.9999544091291582
0.5588383283991406,252.5604479099673,349.1133726297813,2.8,2.8,0.15359473,0.19054222,0.2340684,0.27888823,0.3148551,0.3489313,0.38117552,0.41129875,4,0.9999324229287146
0.5074126584040773,282.4090330512786,235.0768675395364,2.1,2.9,0.11983013,0.15558219,0.19076347,0.21730256,0.24444556,0.27325273,0.29897356,0.32335758,4,0.9999998282563257
0.7159125662177824,164.80252423380196,376.6668681952759,2.5,2.3,0.13068295,0.17195845,0.2155776,0.25292134,0.28858614,0.32149053,0.35237694,0.38128042,4,0.9999926133312557
0.8171083810678066,131.89639483123898,373.33745259435534,2.1,2.1,0.09883475,0.13206434,0.15975642,0.18102407,0.20524573,0.22675848,0.24620295,0.26474166,4,0.9999985234233945
0.5115518349175818,288.23612914171844,298.137176739632,2.2,2.0,0.08743405,0.115205765,0.13911629,0.15133548,0.16989803,0.18767118,0.20426202,0.21976781,4,0.9420792915249739
0.6474646858605928,184.43495254309863,377.0511695067136,2.8,2.4,0.15245175,0.1999631,0.24994445,0.29697084,0.33989096,0.37844443,0.41420746,0.44800258,4,0.7957850676960213
0.6761064829970262,215.4326758441132,334.25430417089336,2.5,3.4,0.15744615,0.19271779,0.24333191,0.29421258,0.33390307,0.37227893,0.40805078,0.44170642,4,0.8977213276115026
0.4602170286200684,296.1793709526274,375.3540507520194,3.5,2.6,0.1815188,0.21997428,0.27387452,0.31972504,0.35906935,0.3977325,0.43371964,0.4678223,4,0.9994110548877083
0.7097370121442613,290.7617923094339,308.53834850301644,2.2,2.5,0.08801365,0.12364507,0.1515584,0.16706347,0.18741298,0.20951676,0.23173738,0.25232267,4,0.9999999961166139
0.6479518844199303,245.82859008501703,301.42765238143465,2.3,3.1,0.13057041,0.16203094,0.19916439,0.22862315,0.2631452,0.29011917,0.31704307,0.34399223,4,0.9999948357259905
0.4567965418302816,291.396169461494,311.3639574212476,2.8,2.4,0.14683795,0.18319559,0.22120738,0.25945783,0.2943108,0.32548094,0.35503578,0.38322258,4,0.9999995830142041
0.7739904932346804,190.3725750605004,383.65932370496864,2.5,3.2,0.1558342,0.17562246,0.21532416,0.25912905,0.29408336,0.32643127,0.3569541,0.3858235,4,0.9221457072640741
0.8015829803725778,245.907121982555,340.81073941120883,2.0,2.2,0.069960594,0.100408316,0.12209153,0.13069296,0.14914012,0.16508627,0.17979693,0.19460821,4,0.999994077026636
0.667846298610117,168.38718045242155,348.21622209274494,2.3,2.3,0.12359142,0.16056395,0.19856668,0.22914648,0.26005077,0.28863692,0.31546164,0.3406031,4,0.9999999926040797
0.560959474664088,190.2558871893376,286.6593040014131,2.1,2.9,0.1427579,0.1840465,0.22693372,0.26215768,0.29481506,0.3265834,0.35580707,0.3827529,4,0.99999744698162
0.4176725364070172,276.1117127513934,282.05927745635256,2.8,2.6,0.1835506,0.23669434,0.29071784,0.3402481,0.3838346,0.42389035,0.46124816,0.49627995,4,0.9480571251449489
0.6617418919643903,217.4360663851072,399.550804060628,2.9,2.2,0.12415099,0.16195011,0.19816351,0.23365045,0.26836514,0.29964018,0.32888007,0.3569157,4,0.9999995738979838
0.7360742251720398,154.4705548035369,371.42617223977,2.4,2.2,0.12516785,0.1651597,0.20745993,0.24188352,0.27468848,0.3056414,0.3350551,0.36208153,4,0.9999999246479618
0.5696394012648711,292.26942276904754,318.1977277292068,2.3,2.2,0.090022564,0.11921501,0.14570451,0.15906334,0.1767335,0.19453335,0.2131145,0.2293601,4,0.9548422951798197
0.7204454755128498,132.6220855846919,302.6266155401488,2.1,3.2,0.15803981,0.21662354,0.27395844,0.32138753,0.36672068,0.40757346,0.4447868,0.4787724,4,0.9577810148670756
0.6292312171075807,193.19249225101032,327.6269577445529,2.4,2.9,0.15099049,0.1974709,0.24605131,0.2884271,0.3289981,0.3649137,0.39839935,0.43005705,4,0.9999867270088373
0.3884289276978669,279.1886808919608,356.40912843622334,3.3,2.0,0.15723968,0.19630647,0.23707461,0.27544832,0.3107164,0.3429377,0.3734672,0.40179515,4,0.9999987016911288
0.6831977751040166,199.151963091858,289.606943904016,2.1,2.5,0.11337638,0.15268302,0.18998742,0.22114539,0.25421023,0.2850175,0.31352282,0.34048247,4,0.9999983101478684
0.6159070092047949,231.965796542272,320.6228845638626,2.4,2.5,0.12463498,0.1630981,0.20150161,0.23356295,0.26587224,0.2960689,0.32422018,0.35130072,4,0.9999999123052147
0.9665436088560904,87.20695818097808,357.4799526446009,2.0,3.0,0.136271,0.18286061,0.22854495,0.26627254,0.3009417,0.33376145,0.36298728,0.3898716,4,0.9923712835282643
0.514049490571739,259.8626935239827,290.1505347394675,2.6,3.2,0.1712954,0.21780181,0.2719164,0.32230258,0.36432457,0.40426207,0.44137263,0.4762869,4,0.9988022032835432
0.4995680594511524,234.5855386043868,305.49756228985297,2.5,2.3,0.14493608,0.18605947,0.23080063,0.2692597,0.30481458,0.3383696,0.3699379,0.39917874,4,0.9999998551310111
0.898158185191722,149.18744034520694,340.1151329775524,2.1,2.7,0.11084318,0.15147495,0.18858647,0.22102976,0.2512877,0.28094196,0.30940175,0.33598232,4,0.9999961431396399
0.9473719534211352,193.895440161714,395.2455159965784,2.2,2.3,0.07979894,0.11276698,0.13946557,0.15115547,0.16930413,0.18763113,0.20587087,0.22238445,4,0.9999994995357957
0.7672047640480418,250.5816336366792,281.39443211240217,2.2,3.1,0.12197876,0.15341759,0.19160414,0.221596,0.25748396,0.28796124,0.31708384,0.34694147,4,0.891801598266254
0.6261487014480726,212.41205712604204,374.54842183028353,2.8,2.7,0.15537333,0.19716167,0.24357557,0.28988385,0.32872128,0.3649211,0.39905167,0.43111277,4,0.9999735683164553
0.5866421735003808,252.90392092412776,389.347030453845,3.3,3.0,0.18526053,0.22568703,0.28750706,0.33881354,0.38171124,0.42386103,0.46493077,0.50230193,4,0.9134630469388383
0.3767820357120046,292.14105555038185,155.47954658929763,2.1,2.7,0.16012716,0.21132112,0.2625649,0.30740356,0.34887624,0.38693953,0.4224794,0.45528984,4,0.9999917855086784
0.9056769511415944,173.68440838205973,356.9161605103846,2.2,2.3,0.09349418,0.13178778,0.16468191,0.1890428,0.21647239,0.2432065,0.26947093,0.29322076,4,0.9999941502234294
0.5101917479952376,261.3049170938193,315.04311982490367,2.5,2.8,0.14560652,0.18234682,0.22004199,0.2562847,0.29064846,0.3202858,0.3484273,0.37568474,4,0.9999976203793708
0.7582901320235764,189.84031263149527,319.794991462674,2.2,3.8,0.13203907,0.1705215,0.21474433,0.25949168,0.29365277,0.32663894,0.3577397,0.3876121,4,0.9607499649797038
0.8523025390427545,267.7422015162495,292.7187960869458,2.2,3.1,0.11822772,0.14147806,0.17420578,0.1993761,0.23339772,0.26068377,0.28626728,0.3137424,4,0.9640143204240926
0.6584626966383473,252.0470515781041,305.85349991188855,2.4,2.5,0.11487746,0.15505314,0.19261408,0.2241764,0.25697923,0.28847146,0.31711125,0.34497714,4,0.9999961299734529
0.6605045816617028,210.0404143143729,272.34756282956795,2.2,2.6,0.1271522,0.17456198,0.22192836,0.26157975,0.29976153,0.33718348,0.37230825,0.4050734,4,0.7678830886081073
0.7107774365382928,299.90440314575767,382.4901035079552,2.8,2.3,0.101404905,0.127527,0.14764786,0.17067909,0.19876671,0.22329712,0.24391103,0.26549315,4,0.9999878549829498
0.5680946478914761,279.28246243522057,377.85404542128487,3.5,2.7,0.17569184,0.21733975,0.27797437,0.32981682,0.37476373,0.4184332,0.4605291,0.49952126,4,0.9249010932564666
0.5438281517509631,276.90504283125216,298.0723748790022,2.8,2.3,0.13354516,0.17713618,0.22069407,0.2629032,0.30306602,0.33993673,0.3741126,0.40694523,4,0.8300170631200174
0.5132007689320367,246.1905805762567,308.9995773238687,2.3,2.3,0.11570454,0.14603615,0.17691302,0.1989541,0.22246933,0.24542117,0.26807904,0.28885174,4,0.9999973199682687
0.8072413525304392,236.86751516274668,354.3084263691965,2.3,2.4,0.088661194,0.12400007,0.15327024,0.17050743,0.19156504,0.21340322,0.23559284,0.25656748,4,0.9999999977887697
0.4278165036969379,267.64624070702354,184.75650704633927,2.0,3.4,0.15278435,0.19983244,0.24780178,0.28800297,0.32771325,0.3631425,0.3962965,0.42726088,4,0.9999554672804081
0.633130558994629,194.05533037611235,385.6391506444209,2.8,2.1,0.12817478,0.16706753,0.20823407,0.24376202,0.277184,0.3090942,0.3389635,0.36689162,4,0.9999998968168107
0.4952474129238774,223.6107630735346,360.4739964180736,2.8,2.0,0.13748813,0.17232299,0.2114129,0.24548912,0.27737808,0.30650163,0.33419204,0.36045313,4,0.9999999897493161
0.5897127484862562,187.14790190661208,370.82313981555967,2.6,2.3,0.14249134,0.18129921,0.22345376,0.25942135,0.29312396,0.32449627,0.35349488,0.38074303,4,0.9999998943336571
0.7050270730289999,220.5718068622366,320.1579552704999,2.4,3.4,0.14822936,0.17802596,0.2210486,0.26890492,0.30696154,0.34226227,0.37586546,0.40748167,4,0.9128304058767047
0.4363948340766945,289.8442675407058,198.89785602913733,2.1,3.9,0.14645696,0.18302703,0.22884774,0.27136827,0.3050263,0.33647323,0.36658692,0.3952191,4,0.9757980623109831
0.4869637150356178,287.6138997802514,255.0467183571461,2.4,2.3,0.12466693,0.1625402,0.2021184,0.23435926,0.26688576,0.29699922,0.32639456,0.3543017,4,0.999999905367654
0.5562149027906333,291.3659201332235,231.6063953806025,2.1,3.4,0.11837673,0.15547824,0.19064689,0.21741295,0.2514937,0.27797294,0.30456066,0.3307457,4,0.9999945705273348
0.8159304956191273,140.79500890623157,334.2200420516161,2.2,2.8,0.13476229,0.18403172,0.23417115,0.27702856,0.3165934,0.35469055,0.38959742,0.42173862,4,0.8806605430113608
0.7244594067380148,141.54624700221632,302.2991620668855,2.1,3.2,0.15089607,0.20519495,0.2593286,0.30356812,0.34719443,0.38626528,0.4222355,0.45528817,4,0.9038417101155434
0.575219547043275,268.7074916717698,246.88336319664447,2.2,3.0,0.12612724,0.16949868,0.21198916,0.2443223,0.27894425,0.31215882,0.3427503,0.37259173,4,0.9999754038347709
0.8341687922417227,247.8935837095609,318.3905436471424,2.0,2.6,0.08058572,0.11564326,0.13798308,0.15036964,0.17291641,0.1939714,0.21318078,0.23025131,4,0.9999999997977316
0.5185765762725039,281.84775650293926,356.02891614224154,3.2,3.2,0.1999867,0.24244356,0.30723166,0.36053133,0.4031031,0.4461727,0.4875431,0.52548337,4,0.6546616158544317
0.3969112370782274,279.1124333545403,296.3416142019128,2.9,2.2,0.17004037,0.21937919,0.26893163,0.3129189,0.35417128,0.39160657,0.42617846,0.45866084,4,0.9993045852089945
0.9739811251204872,256.8185921138692,350.0521906404697,2.3,3.0,0.11820793,0.13063812,0.1566155,0.17642379,0.20716333,0.2296915,0.24867249,0.27187347,4,0.7760513703595534
0.5943893221273415,288.074895620162,331.0112750573516,2.7,2.8,0.1471498,0.16772652,0.20143104,0.24395299,0.2788396,0.3093021,0.3394673,0.36795783,4,0.9836726645615078
0.6319503695630246,244.03260006534364,313.6146067521908,2.3,2.1,0.09396434,0.12798214,0.15894961,0.17936182,0.20390987,0.22718334,0.24973321,0.27068567,4,0.9999999999185014
0.8270522983153421,179.4115993938771,321.4291448132132,2.1,3.9,0.12084603,0.15403342,0.1928122,0.23299575,0.26433253,0.2931354,0.32072234,0.34782338,4,0.9882870554305916
0.6454548628261356,289.7799535728517,355.5585001689393,2.9,2.5,0.13433099,0.15910363,0.18801999,0.23093271,0.2656417,0.2965424,0.3273654,0.35611868,4,0.8383560532915846
0.5091925418365063,230.2681556464333,215.0761617357145,2.1,3.1,0.1531105,0.20646715,0.25991106,0.30392814,0.34736252,0.38720512,0.4241662,0.45869613,4,0.8629534800453027
0.75699440060328,237.7952973442324,318.048195909278,2.1,3.4,0.10526514,0.13798976,0.16618443,0.18455553,0.21474862,0.23377466,0.2553146,0.2772553,4,0.9999973403079674
0.5689599913776043,227.3131543443765,316.5493882529411,2.3,2.2,0.11338425,0.14641428,0.1794815,0.20466518,0.2304442,0.25503802,0.2788813,0.30165648,4,0.9999999995212913
0.4355565232782428,282.706441765848,199.8479443066694,2.1,3.0,0.14130425,0.18297291,0.22575116,0.25913095,0.29228473,0.3252144,0.35499477,0.38342953,4,0.9999985074941786
0.611158582942546,167.8259871595221,388.5230935111397,2.7,2.1,0.14397359,0.18614054,0.23172832,0.27034473,0.30597878,0.3392346,0.37008476,0.39888883,4,0.9999999190974821
0.7240525704765721,184.1139777018506,303.27369338996573,2.2,2.9,0.13182926,0.17905569,0.22700095,0.2667377,0.30562258,0.3428812,0.37705994,0.40928793,4,0.9990332588880025
0.5548275063989645,210.42182582820345,309.8031416827754,2.4,3.1,0.16287398,0.21068192,0.25937462,0.30208373,0.34297204,0.37837553,0.4119408,0.44339418,4,0.9993091596642162
0.8351000486787836,197.82170258163728,374.5292460147989,2.4,2.2,0.09538913,0.13235188,0.1660204,0.19091415,0.21710563,0.24190307,0.26683736,0.2903762,4,0.999999963184562
0.6298569164583669,164.95838960292173,277.1697328381984,2.1,2.1,0.12609911,0.1746037,0.22056174,0.26022768,0.29888844,0.33480597,0.36746287,0.39815688,4,0.9956896061819244
0.9965000762120102,203.09842787227203,355.6181539007921,2.1,3.2,0.10199714,0.13162303,0.15961218,0.17459488,0.20200944,0.22407603,0.24388003,0.26437593,4,0.99999998883641
0.4093251177379806,299.1749583768994,152.09481584197775,2.1,3.6,0.16045117,0.21284294,0.2662754,0.3137324,0.357522,0.39726877,0.435004,0.47000003,4,0.9117376315787382
0.8935309275351369,222.9846591311397,319.9446073814537,2.1,2.9,0.09375787,0.13218617,0.16112709,0.1823523,0.20560479,0.23311925,0.25805545,0.28129292,4,0.9998892260469204
0.7947962831718425,153.1319424022187,382.7304746582341,2.5,2.3,0.12619972,0.1693914,0.21414948,0.2528453,0.28982377,0.32442284,0.35662127,0.38670993,4,0.9999782749419791
0.6832745809969041,195.7762598100388,316.8115072699687,2.3,3.6,0.14314032,0.1855936,0.2319262,0.2769258,0.31358814,0.34815502,0.38058996,0.41108727,4,0.9970297790992843
0.9039263719057816,147.09593215033064,379.74930311238927,2.2,3.7,0.12914515,0.16222453,0.20095062,0.2397461,0.26806593,0.29491067,0.32067227,0.3455546,4,0.9922675615364086
0.6074526563102872,246.24554327700608,300.3203888708424,2.3,3.8,0.1352663,0.16621065,0.20732999,0.24934793,0.27866864,0.30802178,0.33586812,0.362633,4,0.9290658604134361
0.661900544822335,212.5388125611943,324.577790696402,2.0,2.2,0.08870745,0.11928129,0.1422491,0.15776014,0.17905045,0.19800353,0.21564817,0.23199105,4,0.9999833115335212
0.5437140431491244,232.70676645760847,274.64440581261226,2.1,3.3,0.13141656,0.16847253,0.20559192,0.23158026,0.2635095,0.29027486,0.3156979,0.33994555,4,0.9999979838218319
0.5034596400012266,291.6062145164734,330.2351724313111,3.1,2.9,0.18027878,0.22158146,0.2811978,0.33053875,0.37376046,0.41500235,0.4539473,0.49084306,4,0.9942813670606206
0.6494501710854488,174.252968711268,340.9875024816437,2.2,2.4,0.1246078,0.1599114,0.19651008,0.22549868,0.25488758,0.28243923,0.30803323,0.33202553,4,0.9999999918474869
0.7425422770725749,298.174311277795,282.36065877472686,2.2,2.8,0.102271795,0.13355541,0.16441298,0.18576217,0.20975971,0.23755646,0.26246953,0.2864535,4,0.9999495474475378
0.8464119514057429,98.1496169370316,369.9564689595484,2.3,2.3,0.14388561,0.19558263,0.24888372,0.29465508,0.33614635,0.3736539,0.40733314,0.43815088,4,0.9769074555183616
0.6807929050590821,166.1573019638661,358.31647331233984,2.2,2.3,0.11571598,0.1488502,0.1816845,0.20668077,0.23286724,0.25785518,0.28167486,0.30292988,4,0.9999999918575604
0.8364486057744658,201.4929441905793,328.7895773877634,2.2,3.0,0.11823964,0.15243006,0.18993855,0.21808243,0.24917269,0.27919984,0.30607963,0.33368635,4,0.9999804933200567
0.6121544517346382,200.2873960552634,269.2734014223092,2.1,2.6,0.12775993,0.1710279,0.21377587,0.25006557,0.2855618,0.3188932,0.35034943,0.3794799,4,0.9999973968113071
0.6000160278817477,264.6595749498064,319.68999234516286,2.6,2.9,0.1500423,0.17633176,0.21503043,0.25849056,0.29616094,0.32852387,0.36063528,0.3903277,4,0.9980193660708546
0.5216420112179608,225.0592471207093,325.8715512646816,2.6,2.5,0.15733838,0.20146728,0.24821281,0.29009676,0.32910252,0.3644519,0.3970158,0.42781782,4,0.9999963590883867
0.4566609245537818,278.86006336758373,259.7342263404995,2.7,2.9,0.18596816,0.2437818,0.30648637,0.36233473,0.41119814,0.45692205,0.49959874,0.5391226,4,0.9054036231013899
0.4023035462462437,263.7513496696697,357.2874568603024,3.6,2.0,0.17449784,0.23454595,0.2916944,0.34362435,0.39085984,0.4348166,0.4755857,0.5136008,4,0.7612805215277456
0.6123432425909554,202.97611864148013,333.32390598641695,2.4,2.7,0.14254212,0.18472314,0.2284522,0.26470637,0.30007577,0.3333757,0.36321712,0.39221358,4,0.9999992899463507
0.5308003391395124,209.9969293992937,259.1585600624739,2.2,2.1,0.13185573,0.17805791,0.2238183,0.26254177,0.3007655,0.33638167,0.3689332,0.39958477,4,0.9995673121660895
0.4616820507698486,290.7270843841053,260.4935241860404,2.7,2.5,0.16225314,0.21201515,0.2647047,0.31417322,0.3588705,0.39948893,0.43783045,0.47398925,4,0.8877154735115932
0.7183397437069401,286.0301838046847,317.39689974130647,2.4,2.1,0.081208706,0.11740923,0.14931941,0.16742945,0.18984294,0.21258903,0.23541164,0.25718045,4,0.9999994314121086
0.7952134509118165,167.64470279226552,360.3621598560687,2.4,2.3,0.115360975,0.15716004,0.19855666,0.23286366,0.26709747,0.29894233,0.32979608,0.3587463,4,0.9999819865363158
0.4585794339864358,253.5625557117277,332.1080338166744,2.9,2.5,0.17717242,0.22560668,0.27736616,0.32473087,0.36570048,0.4039569,0.43971515,0.47291565,4,0.9942335193404336
0.5622635822619031,287.8340827183533,294.42408758210934,2.2,2.8,0.10726619,0.14050484,0.16994143,0.18876028,0.20901346,0.23203087,0.25260377,0.2723317,4,0.9974163120883354
0.7175163620682254,241.8925800529224,333.8119187548163,2.4,2.9,0.1349957,0.15538812,0.18872333,0.22083807,0.25618935,0.28432584,0.31087518,0.33789062,4,0.9987705764806848
0.7368190222779033,242.28809315153464,326.3805774861068,2.2,2.1,0.08102393,0.115234375,0.1441803,0.16042733,0.18296719,0.20495296,0.2257371,0.2448318,4,0.9999999999267049
0.7913396666096627,162.08508549963122,315.7138475252038,2.2,3.4,0.14058113,0.18982029,0.24040794,0.28707886,0.3301952,0.36846542,0.40478325,0.4389634,4,0.6732175665418534
0.6559432280447338,281.7538797415051,311.0148392018457,2.4,2.3,0.09528446,0.13163137,0.16402602,0.18601489,0.21049643,0.23538351,0.26045322,0.28389,4,0.9999998574947421
0.5773412335385218,225.2559233568869,333.25529147690867,2.6,3.4,0.16947842,0.2105186,0.2662604,0.3149736,0.353729,0.39171195,0.42654777,0.4590063,4,0.9055448553766319
0.4780020472684654,295.89873257141363,334.0024859858138,3.3,2.1,0.14030576,0.18139839,0.22319221,0.26518655,0.30448747,0.3406701,0.37488866,0.40771794,4,0.9999827017146411
0.8102257931630616,297.02245564293105,389.374271734144,2.5,2.3,0.08166003,0.11192012,0.13542223,0.14773512,0.16746998,0.18763638,0.2042234,0.22047949,4,0.9999999597353896
0.9889420271544558,235.6479522021667,318.3466794721792,2.1,3.1,0.09731221,0.13066173,0.15968728,0.17683887,0.20313358,0.23004484,0.25346565,0.27672243,4,0.9999885438297993
0.5074450092109783,296.7865833516834,217.7922485906097,2.2,2.8,0.1268878,0.16874027,0.21065593,0.24455881,0.2782755,0.31138206,0.34241772,0.3720355,4,0.9999881538357225
0.7439903767120284,235.8095100588341,346.1147149069159,2.5,2.2,0.10071397,0.13980961,0.17536831,0.20433903,0.23375988,0.26286507,0.2902925,0.31695533,4,0.9789304861367897
0.8375517757046234,172.1901080834974,319.0936471326214,2.0,2.5,0.10003972,0.13780022,0.16902733,0.19513774,0.22501206,0.25280428,0.27900386,0.30302238,4,0.9999992109576605
0.7118055754959497,169.68663428974858,302.5159003133732,2.0,2.0,0.09746647,0.13564658,0.16822505,0.1969881,0.22639132,0.25416636,0.2803738,0.30423975,4,0.9999999221104797
0.8571935054875071,254.97259366760107,360.84133882424027,2.3,2.1,0.070259094,0.10393667,0.13243198,0.14283657,0.16079593,0.17945409,0.19858217,0.21578836,4,0.9999999957928836
0.4636789667329746,271.2863354592051,282.3031281237778,2.4,2.5,0.1397531,0.1751957,0.21346307,0.2449913,0.27609587,0.30473495,0.33136988,0.3571005,4,0.9999998070002944
0.8157197119776711,207.8440573155048,312.2451819583671,2.1,3.3,0.107862234,0.14731693,0.18157434,0.20435166,0.23656201,0.26354885,0.28965712,0.31458187,4,0.9999975254946345
0.6042395183614628,217.7996696071501,313.4662342861973,2.2,3.3,0.13333702,0.1711111,0.20830846,0.23821497,0.27125764,0.29686904,0.32281375,0.3479371,4,0.9999916460454236
0.9871960349136636,159.0703620912381,395.9814908964584,2.4,2.5,0.10773468,0.14676023,0.18202066,0.21227717,0.24302745,0.27333426,0.30024314,0.32668066,4,0.9999967551852029
0.8821875965377535,108.8991427213303,397.9366218386747,2.3,2.3,0.1231513,0.16172934,0.20123792,0.23320603,0.26478267,0.29322743,0.32012558,0.34485078,4,0.9999999828895584
0.820632904517415,248.98061439411296,314.5839436683226,2.3,2.6,0.09661007,0.13694787,0.17043924,0.19545269,0.22254705,0.25056863,0.27740765,0.30276537,4,0.9983769032102578
0.771206118326766,211.664882118239,374.3553562383279,2.5,2.9,0.14515543,0.16176939,0.19456315,0.2331481,0.26969028,0.29837227,0.32783937,0.35506487,4,0.8936291939206312
0.5106573067629925,215.273178708393,287.16166496253936,2.0,2.1,0.10614896,0.13676381,0.16203785,0.18324637,0.20657206,0.2274952,0.24670386,0.26544833,4,0.9915011283622931
0.8223497123096999,220.88762394087172,328.85955046755686,2.1,2.5,0.08861184,0.12386942,0.15016007,0.16769552,0.1916666,0.21429563,0.23623991,0.25696063,4,0.9999999993990096
0.4972822443981133,287.7282623695318,369.612472184583,3.6,2.9,0.20793343,0.2587464,0.32691026,0.38425684,0.43308854,0.48104286,0.526793,0.56989,4,0.9760908542308774
0.9086985548501852,208.62309180095755,375.7765814806722,2.1,2.4,0.07799029,0.10969162,0.13287449,0.14097452,0.15904737,0.17690682,0.1931684,0.20751715,4,0.9024665514322304
0.8525176579842999,159.14112585985814,354.815415456696,2.4,3.2,0.14975715,0.1896069,0.23843884,0.28700352,0.33052158,0.36920476,0.40599704,0.44070888,4,0.9521067032987025
0.7516687141482847,292.3909206219608,281.10547044150536,2.1,3.0,0.093685865,0.12889194,0.15642309,0.1726203,0.19421816,0.22109294,0.2427597,0.26351857,4,0.9999991365610155
0.3776771375040731,245.42484062320264,211.6735338728716,2.1,2.0,0.14244223,0.18406773,0.22417021,0.26080894,0.29475093,0.325917,0.35433936,0.38046908,4,0.9999188516790741
0.5857439833128009,256.72072288866445,346.9703339818696,2.8,2.6,0.14062667,0.17867947,0.21738839,0.25995588,0.29584336,0.32884336,0.36039042,0.39007092,4,0.9999906155682134
0.8986455887624862,217.92740968552843,346.2654413556534,2.1,3.6,0.10261655,0.13228703,0.15719843,0.18014455,0.20975852,0.22636795,0.24663329,0.26783943,4,0.9870777025072843
0.8853377876714483,222.6816312617778,377.1229567278936,2.2,2.3,0.07802081,0.11119962,0.1379652,0.14882565,0.16668582,0.18511724,0.2036655,0.2203834,4,0.9999999077414194
0.6750100775953445,224.492522165239,320.1285429452872,2.2,2.8,0.112900496,0.15019536,0.1847527,0.2101264,0.2358315,0.26355672,0.28859925,0.31192493,4,0.9999999268588533
0.5478318429290974,293.0282607807368,236.55611219866145,2.0,3.6,0.11383128,0.14655137,0.17693806,0.20098782,0.23185587,0.25395083,0.27757335,0.30077338,4,0.9999973934341753
0.5632918183329473,253.66823661718527,256.9753451004542,2.1,2.7,0.116430044,0.15321064,0.1882422,0.21725106,0.24529147,0.27298927,0.29988098,0.32508826,4,0.9999999061914262
0.5304812945515177,183.769443276258,267.4933716747656,2.1,2.8,0.155617,0.20507717,0.25554967,0.2982483,0.3370731,0.3732214,0.40618372,0.43639827,4,0.8932907541918953
0.9488735499327554,263.64911038991005,365.1349735170886,2.4,2.2,0.07484293,0.11250472,0.14244461,0.15903425,0.17978954,0.20196557,0.22474718,0.24588823,4,0.996422227964806
0.7022983365645059,139.52179789691726,346.21554699775845,2.2,2.1,0.12421942,0.16520667,0.2056098,0.238734,0.2716174,0.30183387,0.3297863,0.35539246,4,0.999999993959005
0.6985680602420632,292.89411855769976,280.2771482659155,2.1,3.9,0.10414243,0.12897658,0.15366101,0.18970037,0.21406102,0.23337817,0.25428796,0.2777698,4,0.7778075703572979
0.6836737480349355,180.25982858975712,399.2490779759123,2.8,2.6,0.15253305,0.19578004,0.24119067,0.2866199,0.32565427,0.36114573,0.3949628,0.4261849,4,0.9999927347728378
0.697350846630143,205.76239154919173,259.7269034901502,2.1,3.5,0.130723,0.17783046,0.22465897,0.26413465,0.30583453,0.34226942,0.3773749,0.41053414,4,0.7372457130410927
0.791095773039723,241.32914070143872,315.55704737756935,2.1,2.7,0.09148121,0.1278286,0.15451264,0.17424703,0.1968906,0.2207613,0.24329758,0.2638452,4,0.9999999949519989
0.5276232602409218,264.7368017289114,376.47097636002553,3.4,2.5,0.17446351,0.21919847,0.27669406,0.3286872,0.37305617,0.41662693,0.45696402,0.49532533,4,0.9675479527816229
0.4940687590033083,259.1780922422639,270.098091453216,2.6,2.2,0.14513803,0.19243288,0.2428863,0.286613,0.3281684,0.36668515,0.4027369,0.43648624,4,0.9954590426338396
0.6645724266671256,248.8448987447179,298.9788630125152,2.0,3.9,0.10788751,0.13237071,0.1581614,0.18812776,0.21316838,0.2312882,0.25129056,0.27167583,4,0.90574862480989
0.8612834685388644,163.59587353448606,368.42948253147017,2.4,2.2,0.10765886,0.14949703,0.18973827,0.22328353,0.25542903,0.28643465,0.3167956,0.3453641,4,0.9397531951000417
0.5434347689532633,285.8240693281007,288.544605074178,2.4,2.7,0.12661219,0.16240025,0.19783401,0.22799468,0.25909305,0.28759336,0.3133011,0.3395164,4,0.9999999120721398
0.7970512694201579,279.11635946776227,313.84254933801026,2.2,2.3,0.077937126,0.114290476,0.14355183,0.15776181,0.17923617,0.20144916,0.22392797,0.2445476,4,0.9999990513052156
0.7428471518441264,174.92970933441833,308.4882430728195,2.1,3.4,0.12897134,0.1709218,0.21260309,0.24654031,0.28369713,0.31446338,0.34439015,0.3728187,4,0.9999635012190327
0.7365156877602663,236.1479048640247,310.85871766964374,2.0,3.9,0.10522008,0.13069797,0.15593219,0.18610787,0.21172643,0.23020196,0.25053287,0.27135968,4,0.9987692076241356
0.524411398258104,299.0093173040667,226.0571130696106,2.2,3.1,0.12775111,0.16963625,0.21061182,0.24154091,0.27682543,0.3075533,0.33713603,0.3660674,4,0.999996242526943
0.5647706653303579,272.4414339327908,284.07905783634504,2.4,2.8,0.13021779,0.16916513,0.20788884,0.24192262,0.27744055,0.3087654,0.33721614,0.3661182,4,0.9999983424708533
0.508157031875469,297.68762908739285,212.89691024388563,2.1,2.6,0.1126256,0.15010595,0.18445206,0.2123692,0.24181795,0.26975918,0.2967794,0.32252955,4,0.9999999026506331
0.7481284562524568,180.3093734944208,312.41275330127445,2.1,2.0,0.09247422,0.13007498,0.16220713,0.18873453,0.21750832,0.24453545,0.2702806,0.29390216,4,0.9999881606574869
0.6706549538402644,260.0194841226687,345.0884077276129,2.3,2.0,0.07816887,0.10827994,0.13442373,0.14514923,0.16276097,0.18091488,0.19827104,0.21401715,4,0.9999991253863373
0.4152596056079402,262.5075378958258,225.6478456675559,2.2,2.8,0.15939116,0.20505667,0.25328922,0.2923169,0.32864332,0.36349225,0.39529443,0.42479968,4,0.9991605081195557
0.6558737175621074,167.93305279708522,310.08356892976764,2.1,3.4,0.14252162,0.18502831,0.22835755,0.26359415,0.29928923,0.33012605,0.35944557,0.38674974,4,0.9999750934764997
0.7025010985605198,183.3174420220872,298.68220934502887,2.1,2.3,0.10840988,0.14833999,0.18488717,0.21500635,0.24799418,0.27885056,0.30682683,0.33326793,4,0.9999984992152195
0.6315106172910989,237.3164784001972,236.3673004403374,2.0,2.8,0.113912106,0.15573311,0.19414139,0.22843623,0.2631693,0.29584265,0.32699156,0.35629058,4,0.744455147475518
0.6087995977525199,240.75860422262892,367.32280120035233,3.0,2.8,0.1605413,0.20181823,0.2540202,0.30293536,0.34397006,0.3842485,0.42087436,0.45595813,4,0.9863673160897026
0.8982057485341848,190.7075520240076,334.9577707973144,2.2,3.1,0.122009754,0.1537838,0.19159889,0.22108555,0.25545835,0.2848544,0.31293845,0.34133124,4,0.9997910585187011
0.7310978650170539,161.28746907189398,396.3080553814083,2.8,3.1,0.17596936,0.22750545,0.28861666,0.34232926,0.38821816,0.43167377,0.47155833,0.50868297,4,0.8845541845683302
0.6333023843420118,195.32180287331607,388.1037409238919,2.9,2.1,0.13319516,0.17552972,0.21979618,0.25912666,0.2961533,0.3314197,0.36353588,0.39433742,4,0.9999916627980651
0.8920869875971964,230.8199780350104,392.3409784027151,2.6,2.3,0.092363834,0.12837219,0.1569407,0.18073773,0.20852041,0.23534036,0.25925732,0.28280783,4,0.9999610714480843
0.4612739324725473,278.9268575346874,272.23007515431266,2.7,2.2,0.14922142,0.19573879,0.24514794,0.28853083,0.3299992,0.3682084,0.4036293,0.43706203,4,0.994885521405514
0.6516347539088521,215.89712253322745,373.7643378405791,2.4,2.2,0.1048615,0.13505244,0.16531515,0.18625832,0.20806026,0.22846079,0.24937081,0.26890564,4,0.9999916439267708
0.6924744328267167,240.64852304029543,342.05902956034424,2.4,3.2,0.14519048,0.15994477,0.19188428,0.22842383,0.26192665,0.28780985,0.31491685,0.3408079,4,0.8017929510555505
0.6410073920090195,181.2571244234164,324.68539109702385,2.4,3.1,0.16120982,0.2137053,0.26672983,0.31360865,0.357754,0.39665055,0.43324184,0.46709657,4,0.9998472477487982
0.8764362705789146,194.03155258707383,347.23094201601106,2.1,2.5,0.09035897,0.12544799,0.1518979,0.17049265,0.19446659,0.21687508,0.23871922,0.25944066,4,0.9999999997298263
0.6619486654228115,259.8234056164847,337.4128099314781,2.3,2.3,0.089971066,0.12176919,0.14971232,0.16453862,0.18375325,0.20288658,0.22299409,0.24171352,4,0.9999999846794269
0.5345521428794849,220.3493660837489,253.5245295930072,2.2,2.8,0.15044093,0.20068216,0.2530055,0.29669428,0.33734107,0.37628865,0.4119618,0.44510436,4,0.9913936502842774
0.8455950121009181,291.65422937250554,375.6880177621664,2.5,2.2,0.07764864,0.11259627,0.13901424,0.15496421,0.17600608,0.19768167,0.217772,0.23630834,4,0.9999999999015676
0.6340914400305403,262.3796596826218,324.2231687765795,2.6,2.9,0.15004563,0.17218447,0.20938492,0.25303268,0.29127097,0.32338238,0.35559464,0.3854401,4,0.9663624791037135
0.7019409166291248,249.61578789916945,315.6421009248562,2.2,2.5,0.09798384,0.13382864,0.16444206,0.18565583,0.20903349,0.2333715,0.25786257,0.28050423,4,0.9999999767114194
0.8291708905346966,188.3195294858756,353.0636850683712,2.3,3.0,0.12549782,0.15625358,0.19305563,0.22198224,0.25376105,0.28189301,0.30766487,0.33434534,4,0.9999974591347561
0.9701198812283732,252.6393138767564,374.8503579223705,2.4,2.4,0.086125135,0.12004542,0.14725518,0.16451049,0.18760514,0.21174979,0.2333057,0.25460076,4,0.9999999788729055
0.6648131008132891,299.32120556087864,319.99352235651725,2.5,2.6,0.1201334,0.14380431,0.17061806,0.20007014,0.23205519,0.25921035,0.2829063,0.30771208,4,0.9999325197138997
0.655305864834204,231.96487124010187,317.34299793341467,2.3,2.2,0.101569414,0.1369226,0.17034388,0.19488263,0.22168708,0.24670196,0.27147365,0.29484057,4,0.9999999973577379
0.5394290907837729,198.836236651882,236.4348767670115,2.1,3.8,0.16582537,0.22336507,0.2841828,0.3367293,0.3828504,0.4247563,0.46363902,0.49992394,4,0.7079110547604706
0.8265714147139651,280.1159170071189,367.4531468589653,2.5,2.3,0.084471226,0.11968422,0.14666605,0.16460824,0.18840313,0.21211743,0.23329592,0.25419283,4,0.999999996935407
0.8242823858193908,268.5891557294058,370.0176254304421,2.5,2.1,0.07700205,0.11283851,0.14263844,0.1599307,0.18068433,0.2016046,0.22337747,0.24344397,4,0.9999999734277324
0.4355565232782428,282.706441765848,199.8479443066694,2.2,3.2,0.16110206,0.21199608,0.26337194,0.30628133,0.34899378,0.3867724,0.42246413,0.4560361,4,0.9999692776617508
0.6305255740040343,241.93628205195904,298.9917407354116,2.5,3.2,0.15798664,0.19696021,0.24709678,0.29874015,0.34221935,0.38285112,0.42079258,0.45692015,4,0.9133872130894317
0.6437125316936543,239.8025376104094,287.53710106003984,2.2,3.4,0.12951589,0.16626859,0.20477223,0.24055839,0.2765751,0.30534244,0.33436942,0.36315417,4,0.9998882169938867
0.6421586355997233,179.18332805884577,383.58768172192026,2.8,3.0,0.17910576,0.2294569,0.28773236,0.33896804,0.38267517,0.42388344,0.46201062,0.49742794,4,0.8339969056287247
0.7681260307484731,275.7067387616074,306.8860137092845,2.1,3.2,0.10174346,0.13014817,0.1570797,0.1698916,0.19671893,0.21803331,0.23682761,0.25668573,4,0.9999989028903858
0.922730639527372,276.66838007629764,328.9776445176348,2.1,3.2,0.09775424,0.122961044,0.14717889,0.15657806,0.18295264,0.20312428,0.2210908,0.2397852,4,0.9999633259141729
0.7953080964098943,174.7610889282725,328.15418359664136,2.0,3.6,0.116452694,0.1517787,0.18473649,0.21133327,0.24215746,0.26561165,0.28978872,0.31307244,4,0.9999978338161949
0.6094416603702983,191.98524910422967,279.7939464819686,2.0,2.4,0.1177392,0.15617204,0.19227862,0.22291541,0.2555771,0.28555274,0.3123572,0.33797383,4,0.9999999746005673
0.6451174592010425,204.1308290050137,351.9112198099262,2.6,2.4,0.13570237,0.1776123,0.22094941,0.26054096,0.29823732,0.333045,0.3648994,0.3952875,4,0.9999333875418426
0.6216120977072306,253.91409370058827,338.94115670008034,2.9,3.1,0.16640139,0.20847893,0.26715136,0.31890178,0.3628521,0.40594578,0.4460988,0.4841764,4,0.7397859594896062
0.4668787550909329,263.7061134907677,225.2916730018201,2.2,2.4,0.13733768,0.18003035,0.22436929,0.26293325,0.29925585,0.33345008,0.36581302,0.39577436,4,0.9999984986230359
0.5915608237446216,273.70461244797906,264.19737366102936,2.2,2.9,0.11884761,0.15705705,0.19484591,0.22286296,0.2535088,0.28400087,0.31077075,0.33764625,4,0.9999988943892807
0.9334174770665268,100.92929684370132,395.20502666860426,2.2,2.1,0.111803055,0.15022516,0.1867938,0.21664834,0.24576592,0.27265763,0.29767084,0.32038665,4,0.9999999980623457
0.5449882550358014,241.975718093072,286.2016442703924,2.2,2.6,0.12454319,0.16083646,0.19750118,0.22577643,0.2530954,0.28012347,0.3066306,0.3312466,4,0.9999999607883688
0.946236183405956,128.82750764150663,337.1481761141598,2.1,2.7,0.117480755,0.16235137,0.20552206,0.24317026,0.27873182,0.3126607,0.34483147,0.37438965,4,0.9940698163698583
0.7915395746458864,122.78918437511638,388.67786466260594,2.4,2.7,0.15281487,0.20202541,0.25242138,0.2939396,0.33346868,0.3694284,0.4016974,0.4318583,4,0.9229790164597852
0.7293603191422321,200.2638968460465,366.8029759492212,2.3,2.2,0.09709954,0.12912989,0.15902376,0.17877269,0.20113754,0.2229178,0.24327588,0.26282358,4,0.9999999996260005
0.8597850439441528,241.12049595683976,384.8984352669586,2.6,2.0,0.07917094,0.11492181,0.14545393,0.16563916,0.18843675,0.21073031,0.23369575,0.2564087,4,0.8950064448481546
0.785229259426838,192.2004235744135,353.25517579348497,2.0,2.4,0.08723998,0.117648125,0.14001322,0.15249372,0.17313647,0.19135213,0.20792103,0.22345662,4,0.9321645394136759
0.9911147740038422,221.3825477739691,367.6597847251785,2.3,2.4,0.0820539,0.12033105,0.14994812,0.16735506,0.18921566,0.21251369,0.23603535,0.25832748,4,0.9999577874498268
0.6200696738904059,176.24696993099226,378.55642113698224,2.7,2.3,0.15063238,0.1964848,0.24523783,0.2882054,0.3279519,0.3645177,0.39779663,0.42909908,4,0.9999984290307958
0.8812703915228632,169.7331288412099,385.61720443842415,2.4,3.4,0.1462028,0.166147,0.20278215,0.24616909,0.28011584,0.3109064,0.3402183,0.36793852,4,0.8670905220933052
0.6451336809562493,249.27182322702623,274.67258855597095,2.3,3.1,0.13263607,0.17086577,0.21335077,0.24855304,0.28725123,0.31958437,0.35122538,0.3821292,4,0.999647287459946
0.517601232190977,168.1207939242535,300.76235874128173,2.1,2.0,0.1320653,0.16979504,0.20577693,0.23754239,0.26888132,0.29650307,0.32208395,0.34569263,4,0.9927434918694105
0.7658916551064125,185.10686996499592,360.81835413164345,2.2,3.3,0.12531424,0.15666485,0.1897099,0.2156086,0.24614167,0.26892996,0.29192114,0.31482792,4,0.9996696079676268
0.4261506020995404,251.19783527829208,384.429325788998,3.8,2.2,0.19261003,0.26407385,0.32984853,0.38887763,0.44099355,0.4899838,0.5350909,0.577492,4,0.628818178811737
0.7546780616662019,161.39675269768506,298.9225409385618,2.0,2.6,0.1173749,0.15986657,0.19938421,0.2336886,0.26846075,0.3002317,0.33040357,0.35817528,4,0.9999960280778368
0.9101405736046424,168.76960775340592,344.10879949751586,2.0,2.4,0.08927798,0.12442827,0.15114975,0.17062354,0.19643879,0.2198708,0.24185658,0.2630036,4,0.9999999988917141
0.4345578347094679,277.4905854874499,343.5544044135697,3.4,2.2,0.17326427,0.22675943,0.28057742,0.33203435,0.37778282,0.4205873,0.4604354,0.49759007,4,0.9107996753333469
0.460257278586484,297.12330064627866,275.91669067185063,3.0,2.2,0.15364242,0.2040112,0.25580835,0.3038671,0.3492477,0.39069223,0.42964077,0.4664514,4,0.9973283804441399
0.8277551404247636,120.72411808827675,341.34152963106044,2.0,3.6,0.13801312,0.18045425,0.22370791,0.25816083,0.29291224,0.3228686,0.35124755,0.37715125,4,0.9977249484157992
0.9234457633854504,185.49680625208413,357.9573098572978,2.3,3.2,0.13255191,0.15476131,0.18950725,0.22298479,0.25857592,0.2856295,0.31367922,0.34142327,4,0.991785567827375
0.9361980531371864,193.3028051798224,323.4120324482815,2.0,3.6,0.10305047,0.13917565,0.16937828,0.19367385,0.22656155,0.24959874,0.27450347,0.29846525,4,0.9998889209011145
0.7177500416496584,221.71803552412783,292.02163308540054,2.2,3.8,0.1294229,0.16674185,0.20988584,0.25571752,0.29056764,0.32397676,0.35583758,0.38672996,4,0.77058605122426
0.5345899150661486,265.2062027075856,367.63728752463095,3.5,2.5,0.17826891,0.22796583,0.2903633,0.34631371,0.3948462,0.44244647,0.48594236,0.5275421,4,0.8471158036076706
0.6491408366555814,203.48281568251952,299.0298137813822,2.2,2.7,0.12931824,0.17222762,0.21626401,0.25176978,0.28535366,0.31885862,0.35031748,0.37952566,4,0.9999942825256115
0.6803612071851738,198.99823675162924,323.5293360401281,2.2,3.4,0.13273692,0.17133594,0.2101593,0.24535656,0.27968502,0.30757308,0.33534884,0.3626461,4,0.9999811730479845
0.9773101450485732,120.17225958955056,370.8600771392914,2.0,3.3,0.1153636,0.15286851,0.18626547,0.20845222,0.2366693,0.2616403,0.28502965,0.30585575,4,0.9999797328472715
0.8702015976916493,214.56223683918685,323.8671299628788,2.1,2.5,0.088557005,0.12574363,0.15353322,0.17346573,0.1993618,0.22410345,0.2480855,0.2706933,4,0.9999950390380271
0.7229538889121156,202.99523670300047,357.62931486804223,2.6,3.2,0.16074014,0.19178843,0.23975825,0.2896943,0.32981968,0.36834145,0.403934,0.4377458,4,0.9346469133309494
0.5999733006913975,232.1591198995541,307.016341176375,2.4,2.1,0.11137819,0.14939785,0.18728328,0.21762872,0.24786663,0.27669644,0.30484915,0.33136344,4,0.9999998976495973
0.8126737443661414,166.03029681347292,398.3495405145418,2.6,3.2,0.16037607,0.1894207,0.23592567,0.28369474,0.3216977,0.35788918,0.39129734,0.4226935,4,0.9809827584868313
0.8838044986451103,228.8338015408528,334.4844679499321,2.1,2.9,0.0916574,0.12737966,0.1537559,0.17075658,0.19076061,0.21565247,0.2373414,0.25768828,4,0.9999998664556102
0.6954695176772736,288.87700113826713,290.040994140158,2.2,2.5,0.091952085,0.12915397,0.15927076,0.17872953,0.2017932,0.22648239,0.25128007,0.2742555,4,0.9999988664556673
0.4849400360787164,211.2001454844683,383.0476221838115,3.1,2.2,0.17436552,0.22775674,0.27891612,0.32551098,0.36791468,0.4063375,0.44193792,0.47502828,4,0.8509591563084515
0.5510704516092517,250.3964597671909,349.52823589432944,2.9,3.2,0.18301177,0.2251656,0.286191,0.33502126,0.37691736,0.41777134,0.45584106,0.49104953,4,0.948882908824429
0.4309200771176615,248.3444415755307,186.82037997479864,2.0,2.9,0.15635538,0.2075429,0.25983357,0.30460858,0.345685,0.38417006,0.4191649,0.45206642,4,0.9999817170471497
0.5016104154435563,216.14669260477183,257.18274162471823,2.3,2.1,0.1400106,0.1875341,0.23521018,0.27659273,0.31631708,0.35288382,0.38662124,0.41800666,4,0.9873660421848062
0.7983552281851511,276.68962880173063,358.6683597249313,2.6,2.1,0.08022642,0.11741567,0.14791012,0.16840053,0.1919787,0.21517801,0.23796177,0.2603774,4,0.999780630867704
0.5857439833128009,256.72072288866445,346.9703339818696,2.7,2.7,0.14474726,0.178895,0.21774268,0.25983238,0.2949307,0.32717943,0.35810804,0.38713336,4,0.9999829268390512
0.4686509747831253,221.9147293447193,226.33118037219933,2.2,2.8,0.17274618,0.23472881,0.29677868,0.34812355,0.395118,0.4386444,0.47873545,0.5158107,4,0.947350006982433
0.6779346389328292,190.22220732586737,372.8409073985323,2.8,2.6,0.15414524,0.20236683,0.25264382,0.3024137,0.34605122,0.38579392,0.42338872,0.45857024,4,0.7960929884533177
0.6649005447151973,228.7325922066917,303.6623769192848,2.2,2.6,0.11181164,0.15033746,0.18636847,0.21448803,0.24193692,0.2697358,0.29677224,0.32223845,4,0.9999998261238869
0.8015063920701739,277.44737456740825,369.0118282621379,2.6,2.3,0.09087825,0.124224186,0.15065002,0.17147636,0.19775057,0.22310805,0.2450006,0.2670722,4,0.9999999460275989
0.735394667948124,213.21423724685565,294.05566835019715,2.2,3.0,0.122335434,0.16584086,0.20910859,0.24258828,0.27848196,0.312685,0.34431696,0.37503624,4,0.9988738311652029
0.9046128335882666,212.21813194579,390.6832925542199,2.4,2.3,0.086206436,0.1222651,0.15242219,0.17096043,0.19286585,0.21485305,0.23708534,0.25842118,4,0.9999999952206045
0.5941947157072567,289.92026079075686,338.25386339690044,2.5,2.3,0.10037804,0.13269663,0.1611569,0.18130755,0.20461059,0.22732782,0.24847937,0.26899266,4,0.9999999999437834
0.758564857731465,277.00723037837747,315.1529394536973,2.2,2.8,0.101439,0.13054967,0.15939474,0.17769098,0.19895339,0.22376704,0.24554324,0.26694274,4,0.9999999460562435
0.5841018454565317,185.53930659000065,264.3554439772436,2.0,2.8,0.13791656,0.18279004,0.22751975,0.26786757,0.30459523,0.3388543,0.3709662,0.40044713,4,0.9999861772869999
0.6060819178255112,290.01177297333004,340.33046626044523,2.6,2.4,0.1085763,0.14156556,0.1687994,0.19417262,0.22296667,0.24880314,0.27112603,0.29365945,4,0.9999999929561962
0.9355904930284684,278.4306036395822,327.06118589082604,2.1,3.0,0.08832717,0.11952376,0.14356232,0.15395212,0.17160392,0.1969471,0.21658158,0.23413897,4,0.9983863438162798
0.4301545127477485,286.57537776265934,211.51378596263908,2.4,2.8,0.16722155,0.22108936,0.2774868,0.32507205,0.37036133,0.41172457,0.44963002,0.48608112,4,0.9986064852451548
0.7311568007452706,218.86425415778285,301.02397213379527,2.0,3.9,0.11216903,0.1402924,0.17113948,0.20448613,0.23266196,0.25608945,0.27995706,0.30263448,4,0.9997374531338142
0.5787837487924807,254.75646554691124,262.17363146336663,2.1,3.2,0.12131882,0.1591022,0.19588637,0.22142458,0.25210452,0.27939653,0.30541277,0.33061242,4,0.9999998190005157
0.7336175999914238,290.41352098391206,293.69555153875024,2.0,3.3,0.09000993,0.12523723,0.1487813,0.15624738,0.18147993,0.20287609,0.22018623,0.23763514,4,0.9846441471341315
0.8654379722879173,127.1124823302884,360.839045711313,2.2,3.7,0.14585495,0.19129229,0.24139142,0.28637862,0.32352376,0.35831046,0.39060807,0.42056966,4,0.9775551433732265
0.567383262591157,206.45966011115223,287.61173175078443,2.4,3.2,0.17243648,0.23080611,0.2899511,0.34287477,0.39053607,0.43338823,0.47319388,0.51043296,4,0.9582264716962546
0.8083940177230107,272.1792941602428,290.5203329833027,2.1,3.8,0.1022501,0.1313572,0.15582561,0.18886995,0.21801734,0.23836589,0.26167083,0.2866156,4,0.7155014091062286
0.7239054063280952,169.765707508231,339.6653015909354,2.4,3.5,0.15739703,0.20657682,0.26060772,0.31092072,0.35344768,0.39300442,0.42968345,0.46377087,4,0.6073567006697972
0.7194252038227091,265.91723597215616,287.29623049851,2.1,3.8,0.1058445,0.1364255,0.16350722,0.1961658,0.22450662,0.24554896,0.2689569,0.2926705,4,0.9990188170899407
0.5220739636323125,283.9500251143222,368.1830089149036,3.4,2.1,0.13430023,0.17259097,0.21066809,0.25244594,0.29005194,0.3250332,0.3583424,0.39040303,4,0.9988208007703634
0.5345899150661486,265.2062027075856,367.63728752463095,2.8,2.3,0.12398291,0.15528154,0.18481946,0.2130611,0.24227643,0.26848269,0.29159594,0.31504536,4,0.999999977991948
0.9841610576045304,247.46731947152264,339.4372614123762,2.0,2.9,0.07901096,0.115737915,0.13637066,0.14759994,0.16450071,0.18812084,0.20769382,0.22385669,4,0.9910062689650528
0.5343985440766622,245.78508591473792,388.8675115878203,3.5,2.8,0.20143008,0.25580072,0.3247435,0.38114595,0.43171072,0.47968864,0.5250335,0.5672405,4,0.8703812079171068
0.7227227837532864,186.45841750539907,340.1739536774587,2.2,2.4,0.11058235,0.1464777,0.18149757,0.20812607,0.23611593,0.26334906,0.289325,0.31334043,4,0.9999999901405023
0.5450215225180348,277.9668180085722,247.07966808981016,2.2,3.7,0.13599586,0.17260599,0.21540284,0.25796723,0.29072547,0.32230544,0.35260844,0.3818586,4,0.9943656905263628
0.4941159365554745,272.08923799234327,367.5185757114088,3.2,2.3,0.15160775,0.19058108,0.23218703,0.2763269,0.3140447,0.34893417,0.38242674,0.4135487,4,0.9999966714550459
0.3854217401141939,287.291181581472,142.6625582652444,2.1,2.1,0.14292431,0.19500923,0.24456573,0.28895354,0.33128953,0.37005687,0.40606332,0.43928242,4,0.617266124960518
0.6820275418118873,229.81014997624547,350.6806060517135,2.5,2.8,0.13772058,0.16554618,0.2007134,0.23776531,0.2741077,0.30407858,0.332978,0.3610778,4,0.9999197131998278
0.6925459766303635,191.755787575718,344.30397227604834,2.4,2.9,0.13931918,0.18109584,0.22444844,0.263237,0.30143213,0.33457065,0.3658433,0.3957727,4,0.9999924893431112
0.5904336883602991,185.03287218786605,358.31328772568685,2.7,2.6,0.17273426,0.22801924,0.2832408,0.33377838,0.37898326,0.4198048,0.45774102,0.49315238,4,0.986547012906695
0.784280287884237,225.0067790890343,382.2683751995893,2.4,2.2,0.08933711,0.12253046,0.15213752,0.17066383,0.19153857,0.212322,0.23274064,0.25247478,4,0.9999999999417319
0.8644101129229183,111.44082107348716,397.3434244593904,2.4,2.4,0.13872051,0.18400526,0.23252153,0.2738762,0.31112218,0.34591413,0.37790608,0.40700054,4,0.9999954175007283
0.8367494837506573,110.32467496238225,357.0088406640827,2.2,2.0,0.121515274,0.16727805,0.21204257,0.2510209,0.28912973,0.323076,0.35447764,0.38303113,4,0.8055296661260131
0.488160864094302,271.29872585071064,299.3120894852116,2.7,2.4,0.14976692,0.19252062,0.23748684,0.2803185,0.31981778,0.35549688,0.38888454,0.42054868,4,0.9999907336912364
0.5272988507700509,273.9669626453116,376.5320404870066,3.5,3.1,0.21011567,0.25807142,0.3250432,0.38293195,0.42912507,0.4763577,0.52080846,0.5630369,4,0.8583201460406444
0.8626687684875902,186.47806240094724,377.58666420318485,2.4,3.2,0.14562678,0.1617775,0.19579124,0.23470426,0.26993775,0.2983632,0.3274505,0.35470986,4,0.8095431542895991
0.6649192362419256,275.81410137621174,302.71641788319727,2.1,2.8,0.09232736,0.12598276,0.15035677,0.16542554,0.18356466,0.2048707,0.22540879,0.24304509,4,0.9999886415945648
0.4849488942808693,235.40359580843688,301.63496653375745,2.6,2.6,0.16919374,0.21943426,0.27016783,0.3153689,0.35747313,0.39564037,0.4309306,0.46400976,4,0.9991781454250268
0.833333485950918,221.196060802988,291.98712935163104,2.1,3.5,0.10829115,0.14853358,0.18330479,0.21192431,0.24751425,0.27436996,0.30271316,0.3308847,4,0.9806341652027367
0.9318949746841414,249.02387049461808,336.73278619288334,2.1,2.5,0.07698536,0.11288166,0.13709712,0.14818335,0.16943097,0.19110632,0.21143293,0.22965956,4,0.9999999995524238
0.8626982883874659,113.55683779798346,350.7304620086651,2.1,3.1,0.13757157,0.18354726,0.2293837,0.2645738,0.2996297,0.33244395,0.36191845,0.38950372,4,0.9999879799714697
0.7704936714112025,126.07132270534974,306.645640795478,2.0,3.2,0.14708948,0.20008945,0.25257993,0.29586315,0.33817673,0.37625432,0.4109974,0.44259143,4,0.9956718947248314
0.5207252671984196,291.979545179766,247.23398007544247,2.1,2.6,0.10580301,0.13905454,0.16796875,0.18918777,0.21427011,0.23686051,0.25926137,0.28017926,4,0.9999999996579765
0.6884534127213171,219.16909824339152,374.5511395572548,2.6,2.6,0.1274271,0.16229224,0.19544029,0.22978783,0.26339555,0.29179287,0.31890082,0.345196,4,0.9999995432830823
0.905110788500758,132.47405121487932,370.8185163933062,2.2,3.5,0.1333859,0.17582035,0.21783829,0.25532198,0.2898476,0.31983185,0.3489213,0.37642002,4,0.9999335590512249
0.5943576161273696,187.14502811301804,311.6602395689844,2.3,2.9,0.15251493,0.19895983,0.24784613,0.2876644,0.32549667,0.3605945,0.39269662,0.4228716,4,0.9999623198092517
0.9912222664283372,224.696877984859,325.5135943684968,2.1,3.3,0.10074592,0.13330173,0.16214466,0.17922854,0.21047616,0.23416662,0.2578485,0.28193808,4,0.9999396247823632
0.5935023204282472,274.7969082935916,371.92811847520784,3.0,2.7,0.15158439,0.17793536,0.2182908,0.26130033,0.29450488,0.32854724,0.35943842,0.3896129,4,0.9983071399395694
0.7181870613713075,260.7596371004503,325.29898598000204,2.5,2.6,0.12218714,0.15330815,0.18603516,0.22081494,0.25633407,0.28724265,0.31551623,0.3441875,4,0.9992926357652463
0.6617841655931904,180.4304214762268,374.9705713822565,2.3,2.0,0.10041785,0.12907481,0.1561768,0.17449188,0.19575596,0.21585107,0.23535204,0.25360155,4,0.9999912708289768
0.5047874506286293,259.09038760536663,263.24682930869136,2.5,2.2,0.14033794,0.18665695,0.23584652,0.27870154,0.31919336,0.35710502,0.3927884,0.42621493,4,0.9999657159290881
0.5564541337139065,268.16517699876727,280.8431221340341,2.4,3.4,0.14874434,0.18328238,0.22663188,0.27244854,0.30856133,0.3422358,0.37438154,0.40467286,4,0.99714220636172
0.4242269743528364,253.71050190774423,243.77392944563945,2.5,2.2,0.16864634,0.22595835,0.2832594,0.33311367,0.37872505,0.4206431,0.45924997,0.495157,4,0.9997488763393
0.6227331885114241,222.67770229524984,363.77092258876456,2.7,3.2,0.1641388,0.20247793,0.25460887,0.30186749,0.33956838,0.3770373,0.41108584,0.44382334,4,0.9920622017263704
0.6004056456047739,277.33183172712114,234.7310270920052,2.2,3.6,0.13152742,0.17261434,0.21627426,0.26061392,0.29858613,0.33302855,0.36648512,0.39900517,4,0.8920679437486212
0.6104309233830743,274.92578679132095,347.05390989862343,2.9,2.5,0.13527322,0.17237401,0.20869207,0.2542112,0.29134488,0.3254814,0.35886312,0.39000607,4,0.9987866393509343
0.5635825784181152,265.0350274412582,370.1861628234002,2.7,2.6,0.13208485,0.16184258,0.19019341,0.2244482,0.2535901,0.27812743,0.3025961,0.32586288,4,0.9998674694466935
0.6971281297593855,261.67644666355943,336.1430390096404,2.5,2.6,0.121632576,0.15064907,0.18128657,0.21356368,0.24688506,0.27559543,0.3015225,0.32830095,4,0.9999825226005478
0.4791893495147649,221.96022776288845,238.3751727273088,2.2,2.6,0.16174626,0.2160151,0.27064276,0.31724405,0.3597653,0.39969707,0.4362862,0.47030425,4,0.9999724273249229
0.7535020485201138,277.6821495476589,318.3888352395405,2.1,2.3,0.07334256,0.10560179,0.12989044,0.13861847,0.15773654,0.17626238,0.19318199,0.20891118,4,0.9999999884988302
